-- phpMyAdmin SQL Dump
-- version 5.2.1
-- https://www.phpmyadmin.net/
--
-- Host: 127.0.0.1
-- Generation Time: Mar 01, 2025 at 10:03 AM
-- Server version: 10.4.28-MariaDB
-- PHP Version: 8.0.28

SET SQL_MODE = "NO_AUTO_VALUE_ON_ZERO";
START TRANSACTION;
SET time_zone = "+00:00";


/*!40101 SET @OLD_CHARACTER_SET_CLIENT=@@CHARACTER_SET_CLIENT */;
/*!40101 SET @OLD_CHARACTER_SET_RESULTS=@@CHARACTER_SET_RESULTS */;
/*!40101 SET @OLD_COLLATION_CONNECTION=@@COLLATION_CONNECTION */;
/*!40101 SET NAMES utf8mb4 */;

--
-- Database: `ecomm`
--

-- --------------------------------------------------------

--
-- Table structure for table `cart`
--

CREATE TABLE `cart` (
  `id` int(11) NOT NULL,
  `user_id` int(11) NOT NULL,
  `product_id` int(11) NOT NULL,
  `quantity` int(11) NOT NULL,
  `color` varchar(50) DEFAULT 'navy blue'
) ENGINE=InnoDB DEFAULT CHARSET=latin1 COLLATE=latin1_swedish_ci;

--
-- Dumping data for table `cart`
--

INSERT INTO `cart` (`id`, `user_id`, `product_id`, `quantity`, `color`) VALUES
(15, 13, 9, 1, 'navy blue'),
(16, 9, 28, 10, 'navy blue'),
(17, 13, 10, 1, 'navy blue'),
(18, 16, 10, 1, 'navy blue');

-- --------------------------------------------------------

--
-- Table structure for table `category`
--

CREATE TABLE `category` (
  `id` int(11) NOT NULL,
  `name` varchar(100) NOT NULL,
  `cat_slug` varchar(150) NOT NULL
) ENGINE=InnoDB DEFAULT CHARSET=latin1 COLLATE=latin1_swedish_ci;

--
-- Dumping data for table `category`
--

INSERT INTO `category` (`id`, `name`, `cat_slug`) VALUES
(1, 'Dupatta', 'Dupatta'),
(2, 'Hijab/Scarf', 'Hijab/Scarf'),
(3, 'Bundle', 'Bundle'),
(5, 'Shawls', 'Shawls');

-- --------------------------------------------------------

--
-- Table structure for table `details`
--

CREATE TABLE `details` (
  `id` int(11) NOT NULL,
  `sales_id` int(11) NOT NULL,
  `product_id` int(11) NOT NULL,
  `quantity` int(11) NOT NULL
) ENGINE=InnoDB DEFAULT CHARSET=latin1 COLLATE=latin1_swedish_ci;

--
-- Dumping data for table `details`
--

INSERT INTO `details` (`id`, `sales_id`, `product_id`, `quantity`) VALUES
(14, 9, 11, 2),
(15, 9, 13, 5),
(16, 9, 3, 2),
(17, 9, 1, 3),
(18, 10, 13, 3),
(19, 10, 2, 4),
(20, 10, 19, 5);

-- --------------------------------------------------------

--
-- Table structure for table `products`
--

CREATE TABLE `products` (
  `id` int(11) NOT NULL,
  `category_id` int(11) NOT NULL,
  `name` text NOT NULL,
  `description` text NOT NULL,
  `slug` varchar(200) NOT NULL,
  `price` double NOT NULL,
  `photo` varchar(200) NOT NULL,
  `date_view` date NOT NULL,
  `counter` int(11) NOT NULL,
  `color` varchar(50) DEFAULT 'navy blue'
) ENGINE=InnoDB DEFAULT CHARSET=latin1 COLLATE=latin1_swedish_ci;

--
-- Dumping data for table `products`
--

INSERT INTO `products` (`id`, `category_id`, `name`, `description`, `slug`, `price`, `photo`, `date_view`, `counter`, `color`) VALUES
(8, 2, 'Georgette Neavy Blue Scarf', '<p>Plain Georgette scarf or Hijab<br />\r\ncolor: Neavy Blue<br />\r\n&nbsp;</p>\r\n\r\n<p>Elevate your style with the sheer elegance of our Georgette Chiffon Hijab. This meticulously designed hijab embodies timeless grace and versatility, making it a coveted addition to your collection.</p>\r\n\r\n<p><strong>Fabric Description:</strong></p>\r\n\r\n<ul>\r\n	<li><strong>Material:</strong>&nbsp;Georgette Chiffon</li>\r\n	<li><strong>Size:</strong>&nbsp;30 x 66 inches (approximately)</li>\r\n	<li><strong>Wearability:</strong>&nbsp;Lightweight and delicately textured</li>\r\n	<li><strong>Care:</strong>&nbsp;Dry cleaning is recommended for the best results</li>\r\n</ul>\r\n\r\n<p><strong>Texture:</strong>&nbsp;Our Georgette Chiffon Hijab features a delicate and ethereal texture, which feels incredibly soft and drapes gracefully.</p>\r\n\r\n<p><strong>Visibility:</strong>&nbsp;Designed to offer coverage and breathability, this hijab strikes the perfect balance.</p>\r\n\r\n<p><strong>Care Instructions:</strong>&nbsp;To maintain the pristine quality of your Georgette Chiffon Hijab, we recommend dry cleaning. This ensures that the luxurious texture and vibrant colors remain intact, allowing you to enjoy the beauty of this accessory for years to come.</p>\r\n\r\n<p><strong>Note:</strong></p>\r\n\r\n<p>Please note that slight color variations may occur due to differences in display screens.</p>\r\n', 'georgette-neavy-blue-scarf', 2, 'Georgette Neavy Blue Scarf.png', '2024-06-12', 3, 'navy blue'),
(12, 3, 'Bundle Of 3 Plain Georgette Hijab', '<p>Elevate your style with the sheer elegance of our Georgette Chiffon Hijab. This meticulously designed hijab embodies timeless grace and versatility, making it a coveted addition to your collection.</p>\r\n\r\n<p><strong>Fabric Description:</strong></p>\r\n\r\n<ul>\r\n	<li><strong>Material:</strong>&nbsp;Georgette Chiffon</li>\r\n	<li><strong>Size:</strong>&nbsp;30 x 66 inches (approximately)</li>\r\n	<li><strong>Wearability:</strong>&nbsp;Lightweight and delicately textured</li>\r\n	<li><strong>Care:</strong>&nbsp;Dry cleaning is recommended for the best results</li>\r\n</ul>\r\n\r\n<p><strong>Texture:</strong>&nbsp;Our Georgette Chiffon Hijab features a delicate and ethereal texture, which feels incredibly soft and drapes gracefully.</p>\r\n\r\n<p><strong>Visibility:</strong>&nbsp;Designed to offer coverage and breathability, this hijab strikes the perfect balance.</p>\r\n\r\n<p><strong>Care Instructions:</strong>&nbsp;To maintain the pristine quality of your Georgette Chiffon Hijab, we recommend dry cleaning. This ensures that the luxurious texture and vibrant colors remain intact, allowing you to enjoy the beauty of this accessory for years to come.</p>\r\n\r\n<p><strong>Note:</strong></p>\r\n\r\n<p>Please note that slight color variations may occur due to differences in display screens.</p>\r\n', 'bundle-of-3-plain-georgette-hijab', 6, 'Bundle-Of-3-Plain-Hijabs.jpeg', '2024-06-20', 4, 'navy blue'),
(17, 3, 'Bundle Of 6 Plain Georgette Hijab', '<p>Elevate your style with the sheer elegance of our Georgette Chiffon Hijab. This meticulously designed hijab embodies timeless grace and versatility, making it a coveted addition to your collection.</p>\r\n\r\n<p><strong>Fabric Description:</strong></p>\r\n\r\n<ul>\r\n	<li><strong>Material:</strong>&nbsp;Georgette Chiffon</li>\r\n	<li><strong>Size:</strong>&nbsp;30 x 66 inches (approximately)</li>\r\n	<li><strong>Wearability:</strong>&nbsp;Lightweight and delicately textured</li>\r\n	<li><strong>Care:</strong>&nbsp;Dry cleaning is recommended for the best results</li>\r\n</ul>\r\n\r\n<p><strong>Texture:</strong>&nbsp;Our Georgette Chiffon Hijab features a delicate and ethereal texture, which feels incredibly soft and drapes gracefully.</p>\r\n\r\n<p><strong>Visibility:</strong>&nbsp;Designed to offer coverage and breathability, this hijab strikes the perfect balance.</p>\r\n\r\n<p><strong>Care Instructions:</strong>&nbsp;To maintain the pristine quality of your Georgette Chiffon Hijab, we recommend dry cleaning. This ensures that the luxurious texture and vibrant colors remain intact, allowing you to enjoy the beauty of this accessory for years to come.</p>\r\n\r\n<p><strong>Note:</strong></p>\r\n\r\n<p>Please note that slight color variations may occur due to differences in display screens.</p>\r\n', 'bundle-of-6-plain-georgette-hijab', 12, 'Bundle Of 6 Plain Georgette Hijab.jpg', '2024-06-20', 2, 'navy blue'),
(31, 3, 'Bundle Of 6 Plain Georgette Hijabs', '<p>Elevate your style with the sheer elegance of our Georgette Chiffon Hijab. This meticulously designed hijab embodies timeless grace and versatility, making it a coveted addition to your collection.</p>\r\n\r\n<p><strong>Fabric Description:</strong></p>\r\n\r\n<ul>\r\n	<li><strong>Material:</strong>&nbsp;Georgette Chiffon</li>\r\n	<li><strong>Size:</strong>&nbsp;30 x 66 inches (approximately)</li>\r\n	<li><strong>Wearability:</strong>&nbsp;Lightweight and delicately textured</li>\r\n	<li><strong>Care:</strong>&nbsp;Dry cleaning is recommended for the best results</li>\r\n</ul>\r\n\r\n<p><strong>Texture:</strong>&nbsp;Our Georgette Chiffon Hijab features a delicate and ethereal texture, which feels incredibly soft and drapes gracefully.</p>\r\n\r\n<p><strong>Visibility:</strong>&nbsp;Designed to offer coverage and breathability, this hijab strikes the perfect balance.</p>\r\n\r\n<p><strong>Care Instructions:</strong>&nbsp;To maintain the pristine quality of your Georgette Chiffon Hijab, we recommend dry cleaning. This ensures that the luxurious texture and vibrant colors remain intact, allowing you to enjoy the beauty of this accessory for years to come.</p>\r\n\r\n<p><strong>Note:</strong></p>\r\n\r\n<p>Please note that slight color variations may occur due to differences in display screens.</p>\r\n', 'bundle-of-6-plain-georgette-hijabs', 12, 'bundle-of-6-plain-georgette-hijabs.jpg', '2024-06-12', 2, 'navy blue'),
(32, 3, 'Bundle Of 6 Plain Georgette Hijab/Scarf', '<p>Elevate your style with the sheer elegance of our Georgette Chiffon Hijab. This meticulously designed hijab embodies timeless grace and versatility, making it a coveted addition to your collection.</p>\r\n\r\n<p><strong>Fabric Description:</strong></p>\r\n\r\n<ul>\r\n	<li><strong>Material:</strong>&nbsp;Georgette Chiffon</li>\r\n	<li><strong>Size:</strong>&nbsp;30 x 66 inches (approximately)</li>\r\n	<li><strong>Wearability:</strong>&nbsp;Lightweight and delicately textured</li>\r\n	<li><strong>Care:</strong>&nbsp;Dry cleaning is recommended for the best results</li>\r\n</ul>\r\n\r\n<p><strong>Texture:</strong>&nbsp;Our Georgette Chiffon Hijab features a delicate and ethereal texture, which feels incredibly soft and drapes gracefully.</p>\r\n\r\n<p><strong>Visibility:</strong>&nbsp;Designed to offer coverage and breathability, this hijab strikes the perfect balance.</p>\r\n\r\n<p><strong>Care Instructions:</strong>&nbsp;To maintain the pristine quality of your Georgette Chiffon Hijab, we recommend dry cleaning. This ensures that the luxurious texture and vibrant colors remain intact, allowing you to enjoy the beauty of this accessory for years to come.</p>\r\n\r\n<p><strong>Note:</strong></p>\r\n\r\n<p>Please note that slight color variations may occur due to differences in display screens.</p>\r\n', 'bundle-of-6-plain-georgette-hijab-scarf', 12, 'Bundle Of 6-2 Plain Georgette Hijab.jpg', '2024-06-12', 1, 'navy blue'),
(33, 3, 'Bundle Of 6 Plain Georgette Hijabs/Scarf', '<p>Elevate your style with the sheer elegance of our Georgette Chiffon Hijab. This meticulously designed hijab embodies timeless grace and versatility, making it a coveted addition to your collection.</p>\r\n\r\n<p><strong>Fabric Description:</strong></p>\r\n\r\n<ul>\r\n	<li><strong>Material:</strong>&nbsp;Georgette Chiffon</li>\r\n	<li><strong>Size:</strong>&nbsp;30 x 66 inches (approximately)</li>\r\n	<li><strong>Wearability:</strong>&nbsp;Lightweight and delicately textured</li>\r\n	<li><strong>Care:</strong>&nbsp;Dry cleaning is recommended for the best results</li>\r\n</ul>\r\n\r\n<p><strong>Texture:</strong>&nbsp;Our Georgette Chiffon Hijab features a delicate and ethereal texture, which feels incredibly soft and drapes gracefully.</p>\r\n\r\n<p><strong>Visibility:</strong>&nbsp;Designed to offer coverage and breathability, this hijab strikes the perfect balance.</p>\r\n\r\n<p><strong>Care Instructions:</strong>&nbsp;To maintain the pristine quality of your Georgette Chiffon Hijab, we recommend dry cleaning. This ensures that the luxurious texture and vibrant colors remain intact, allowing you to enjoy the beauty of this accessory for years to come.</p>\r\n\r\n<p><strong>Note:</strong></p>\r\n\r\n<p>Please note that slight color variations may occur due to differences in display screens.</p>\r\n', 'bundle-of-6-plain-georgette-hijabs-scarf', 12, 'bundle-of-6-plain-georgette-hijabs-scarf.jpg', '2024-06-12', 2, 'navy blue'),
(34, 3, 'Bundle Of 6 Plain Georgette Hijab/Scarfs', '<p>Elevate your style with the sheer elegance of our Georgette Chiffon Hijab. This meticulously designed hijab embodies timeless grace and versatility, making it a coveted addition to your collection.</p>\r\n\r\n<p><strong>Fabric Description:</strong></p>\r\n\r\n<ul>\r\n	<li><strong>Material:</strong>&nbsp;Georgette Chiffon</li>\r\n	<li><strong>Size:</strong>&nbsp;30 x 66 inches (approximately)</li>\r\n	<li><strong>Wearability:</strong>&nbsp;Lightweight and delicately textured</li>\r\n	<li><strong>Care:</strong>&nbsp;Dry cleaning is recommended for the best results</li>\r\n</ul>\r\n\r\n<p><strong>Texture:</strong>&nbsp;Our Georgette Chiffon Hijab features a delicate and ethereal texture, which feels incredibly soft and drapes gracefully.</p>\r\n\r\n<p><strong>Visibility:</strong>&nbsp;Designed to offer coverage and breathability, this hijab strikes the perfect balance.</p>\r\n\r\n<p><strong>Care Instructions:</strong>&nbsp;To maintain the pristine quality of your Georgette Chiffon Hijab, we recommend dry cleaning. This ensures that the luxurious texture and vibrant colors remain intact, allowing you to enjoy the beauty of this accessory for years to come.</p>\r\n\r\n<p><strong>Note:</strong></p>\r\n\r\n<p>Please note that slight color variations may occur due to differences in display screens.</p>\r\n', 'bundle-of-6-plain-georgette-hijab-scarfs', 12, 'bundle-of-6-plain-georgette-hijab-scarfs.jpg', '0000-00-00', 0, 'navy blue'),
(35, 3, 'Bundle Of 9 Plain Georgette Hijab', '<p>Elevate your style with the sheer elegance of our Georgette Chiffon Hijab. This meticulously designed hijab embodies timeless grace and versatility, making it a coveted addition to your collection.</p>\r\n\r\n<p><strong>Fabric Description:</strong></p>\r\n\r\n<ul>\r\n	<li><strong>Material:</strong>&nbsp;Georgette Chiffon</li>\r\n	<li><strong>Size:</strong>&nbsp;30 x 66 inches (approximately)</li>\r\n	<li><strong>Wearability:</strong>&nbsp;Lightweight and delicately textured</li>\r\n	<li><strong>Care:</strong>&nbsp;Dry cleaning is recommended for the best results</li>\r\n</ul>\r\n\r\n<p><strong>Texture:</strong>&nbsp;Our Georgette Chiffon Hijab features a delicate and ethereal texture, which feels incredibly soft and drapes gracefully.</p>\r\n\r\n<p><strong>Visibility:</strong>&nbsp;Designed to offer coverage and breathability, this hijab strikes the perfect balance.</p>\r\n\r\n<p><strong>Care Instructions:</strong>&nbsp;To maintain the pristine quality of your Georgette Chiffon Hijab, we recommend dry cleaning. This ensures that the luxurious texture and vibrant colors remain intact, allowing you to enjoy the beauty of this accessory for years to come.</p>\r\n\r\n<p><strong>Note:</strong></p>\r\n\r\n<p>Please note that slight color variations may occur due to differences in display screens.</p>\r\n', 'bundle-of-9-plain-georgette-hijab', 18, 'bundle-of-9-plain-georgette-hijab.jpg', '2024-06-11', 2, 'navy blue'),
(36, 3, 'Bundle Of 2 Plain Georgette Hijab', '<p>Elevate your style with the sheer elegance of our Georgette Chiffon Hijab. This meticulously designed hijab embodies timeless grace and versatility, making it a coveted addition to your collection.</p>\r\n\r\n<p><strong>Fabric Description:</strong></p>\r\n\r\n<ul>\r\n	<li><strong>Material:</strong>&nbsp;Georgette Chiffon</li>\r\n	<li><strong>Size:</strong>&nbsp;30 x 66 inches (approximately)</li>\r\n	<li><strong>Wearability:</strong>&nbsp;Lightweight and delicately textured</li>\r\n	<li><strong>Care:</strong>&nbsp;Dry cleaning is recommended for the best results</li>\r\n</ul>\r\n\r\n<p><strong>Texture:</strong>&nbsp;Our Georgette Chiffon Hijab features a delicate and ethereal texture, which feels incredibly soft and drapes gracefully.</p>\r\n\r\n<p><strong>Visibility:</strong>&nbsp;Designed to offer coverage and breathability, this hijab strikes the perfect balance.</p>\r\n\r\n<p><strong>Care Instructions:</strong>&nbsp;To maintain the pristine quality of your Georgette Chiffon Hijab, we recommend dry cleaning. This ensures that the luxurious texture and vibrant colors remain intact, allowing you to enjoy the beauty of this accessory for years to come.</p>\r\n\r\n<p><strong>Note:</strong></p>\r\n\r\n<p>Please note that slight color variations may occur due to differences in display screens.</p>\r\n', 'bundle-of-2-plain-georgette-hijab', 4, 'bundle-of-2-plain-georgette-hijab.jpg', '2024-06-12', 1, 'navy blue'),
(37, 2, 'Silk hijab Baby Pink', '<h2>Description</h2>\r\n\r\n<p>Made from finest Mulberry Silk these Luxury Silk Hijab can be a new master piece in your Collection. These are light weight, floaty and dreamy with good drape. A Subtle crinkle with right kind of Shine make these ideal Hijabs for party wear.</p>\r\n\r\n<p>A couple of these in your pocket&hellip;and voila! A new instant wardrobe!</p>\r\n\r\n<p>These are not very expensive. But, that aside, it&rsquo;s quite interesting that something which sounds so earthy and slimy can be so beautiful to look at and wear. These are not transparent&nbsp; but are a little bit Slippery therefore we recommend <strong>Hijab Caps</strong>&nbsp;with these Hijabs</p>\r\n\r\n<p>Because they add such a great touch to Party wear or dinner wear, they can make all the difference between an average first impression and a double take. Throw in the convenience and portability and you&rsquo;ll see why these silk scarves are here to make you stand out. Get a few of these immediately before we run out of stock</p>\r\n\r\n<p>Dimensions: 72 inch x 28 inch&nbsp; &nbsp;&nbsp;</p>\r\n\r\n<p>Thickness: &nbsp;&nbsp;lightweight</p>\r\n\r\n<p>Texture: &nbsp;Soft</p>\r\n\r\n<p>Shape: Long rectangle<br />\r\n<br />\r\n<strong>Colors Avalable: White, Black, Baby Pink, Red, Meroon, Golden, Neavy Blue, Grey</strong></p>\r\n\r\n<p>Despite the fact that we strive our best efforts to make certain that product shades visible are closely matching to the product, we do not assure an exact coloration match because of lighting effects and various platforms on which you will be viewing our products like laptops, mobiles, desktops and tablets.</p>\r\n', 'silk-hijab-baby-pink', 2.5, 'silk-hijab-baby-pink.jpg', '2024-06-20', 5, 'navy blue'),
(38, 2, 'Silk hijab White', '<h2>Description</h2>\r\n\r\n<p>Made from finest Mulberry Silk these Luxury Silk Hijab can be a new master piece in your Collection. These are light weight, floaty and dreamy with good drape. A Subtle crinkle with right kind of Shine make these ideal Hijabs for party wear.</p>\r\n\r\n<p>A couple of these in your pocket&hellip;and voila! A new instant wardrobe!</p>\r\n\r\n<p>These are not very expensive. But, that aside, it&rsquo;s quite interesting that something which sounds so earthy and slimy can be so beautiful to look at and wear. These are not transparent&nbsp; but are a little bit Slippery therefore we recommend <strong>Hijab Caps</strong>&nbsp;with these Hijabs</p>\r\n\r\n<p>Because they add such a great touch to Party wear or dinner wear, they can make all the difference between an average first impression and a double take. Throw in the convenience and portability and you&rsquo;ll see why these silk scarves are here to make you stand out. Get a few of these immediately before we run out of stock</p>\r\n\r\n<p>Dimensions: 72 inch x 28 inch&nbsp; &nbsp;&nbsp;</p>\r\n\r\n<p>Thickness: &nbsp;&nbsp;lightweight</p>\r\n\r\n<p>Texture: &nbsp;Soft</p>\r\n\r\n<p>Shape: Long rectangle<br />\r\n<br />\r\n<strong>Colors Avalable: White, Black, Baby Pink, Red, Meroon, Golden, Neavy Blue, Grey</strong></p>\r\n\r\n<p>Despite the fact that we strive our best efforts to make certain that product shades visible are closely matching to the product, we do not assure an exact coloration match because of lighting effects and various platforms on which you will be viewing our products like laptops, mobiles, desktops and tablets.</p>\r\n', 'silk-hijab-white', 2.5, 'silk-hijab-white.jpg', '2024-06-20', 1, 'navy blue'),
(39, 2, 'Silk hijab Black', '<h2>Description</h2>\r\n\r\n<p>Made from finest Mulberry Silk these Luxury Silk Hijab can be a new master piece in your Collection. These are light weight, floaty and dreamy with good drape. A Subtle crinkle with right kind of Shine make these ideal Hijabs for party wear.</p>\r\n\r\n<p>A couple of these in your pocket&hellip;and voila! A new instant wardrobe!</p>\r\n\r\n<p>These are not very expensive. But, that aside, it&rsquo;s quite interesting that something which sounds so earthy and slimy can be so beautiful to look at and wear. These are not transparent&nbsp; but are a little bit Slippery therefore we recommend <strong>Hijab Caps</strong>&nbsp;with these Hijabs</p>\r\n\r\n<p>Because they add such a great touch to Party wear or dinner wear, they can make all the difference between an average first impression and a double take. Throw in the convenience and portability and you&rsquo;ll see why these silk scarves are here to make you stand out. Get a few of these immediately before we run out of stock</p>\r\n\r\n<p>Dimensions: 72 inch x 28 inch&nbsp; &nbsp;&nbsp;</p>\r\n\r\n<p>Thickness: &nbsp;&nbsp;lightweight</p>\r\n\r\n<p>Texture: &nbsp;Soft</p>\r\n\r\n<p>Shape: Long rectangle<br />\r\n<br />\r\n<strong>Colors Avalable: White, Black, Baby Pink, Red, Meroon, Golden, Neavy Blue, Grey</strong></p>\r\n\r\n<p>Despite the fact that we strive our best efforts to make certain that product shades visible are closely matching to the product, we do not assure an exact coloration match because of lighting effects and various platforms on which you will be viewing our products like laptops, mobiles, desktops and tablets.</p>\r\n', 'silk-hijab-black', 2.5, 'silk-hijab-black.jpg', '2024-06-20', 1, 'navy blue'),
(40, 2, 'Silk hijab Golden', '<h2>Description</h2>\r\n\r\n<p>Made from finest Mulberry Silk these Luxury Silk Hijab can be a new master piece in your Collection. These are light weight, floaty and dreamy with good drape. A Subtle crinkle with right kind of Shine make these ideal Hijabs for party wear.</p>\r\n\r\n<p>A couple of these in your pocket&hellip;and voila! A new instant wardrobe!</p>\r\n\r\n<p>These are not very expensive. But, that aside, it&rsquo;s quite interesting that something which sounds so earthy and slimy can be so beautiful to look at and wear. These are not transparent&nbsp; but are a little bit Slippery therefore we recommend <strong>Hijab Caps</strong>&nbsp;with these Hijabs</p>\r\n\r\n<p>Because they add such a great touch to Party wear or dinner wear, they can make all the difference between an average first impression and a double take. Throw in the convenience and portability and you&rsquo;ll see why these silk scarves are here to make you stand out. Get a few of these immediately before we run out of stock</p>\r\n\r\n<p>Dimensions: 72 inch x 28 inch&nbsp; &nbsp;&nbsp;</p>\r\n\r\n<p>Thickness: &nbsp;&nbsp;lightweight</p>\r\n\r\n<p>Texture: &nbsp;Soft</p>\r\n\r\n<p>Shape: Long rectangle<br />\r\n<br />\r\n<strong>Colors Avalable: White, Black, Baby Pink, Red, Meroon, Golden, Neavy Blue, Grey</strong></p>\r\n\r\n<p>Despite the fact that we strive our best efforts to make certain that product shades visible are closely matching to the product, we do not assure an exact coloration match because of lighting effects and various platforms on which you will be viewing our products like laptops, mobiles, desktops and tablets.</p>\r\n', 'silk-hijab-golden', 2.5, 'silk-hijab-golden.jpg', '0000-00-00', 0, 'navy blue'),
(41, 2, 'Silk hijab Red', '<h2>Description</h2>\r\n\r\n<p>Made from finest Mulberry Silk these Luxury Silk Hijab can be a new master piece in your Collection. These are light weight, floaty and dreamy with good drape. A Subtle crinkle with right kind of Shine make these ideal Hijabs for party wear.</p>\r\n\r\n<p>A couple of these in your pocket&hellip;and voila! A new instant wardrobe!</p>\r\n\r\n<p>These are not very expensive. But, that aside, it&rsquo;s quite interesting that something which sounds so earthy and slimy can be so beautiful to look at and wear. These are not transparent&nbsp; but are a little bit Slippery therefore we recommend <strong>Hijab Caps</strong>&nbsp;with these Hijabs</p>\r\n\r\n<p>Because they add such a great touch to Party wear or dinner wear, they can make all the difference between an average first impression and a double take. Throw in the convenience and portability and you&rsquo;ll see why these silk scarves are here to make you stand out. Get a few of these immediately before we run out of stock</p>\r\n\r\n<p>Dimensions: 72 inch x 28 inch&nbsp; &nbsp;&nbsp;</p>\r\n\r\n<p>Thickness: &nbsp;&nbsp;lightweight</p>\r\n\r\n<p>Texture: &nbsp;Soft</p>\r\n\r\n<p>Shape: Long rectangle<br />\r\n<br />\r\n<strong>Colors Avalable: White, Black, Baby Pink, Red, Meroon, Golden, Neavy Blue, Grey</strong></p>\r\n\r\n<p>Despite the fact that we strive our best efforts to make certain that product shades visible are closely matching to the product, we do not assure an exact coloration match because of lighting effects and various platforms on which you will be viewing our products like laptops, mobiles, desktops and tablets.</p>\r\n', 'silk-hijab-red', 2.5, 'silk-hijab-red.jpg', '0000-00-00', 0, 'navy blue'),
(42, 2, 'Silk hijab Maroon', '<h2>Description</h2>\r\n\r\n<p>Made from finest Mulberry Silk these Luxury Silk Hijab can be a new master piece in your Collection. These are light weight, floaty and dreamy with good drape. A Subtle crinkle with right kind of Shine make these ideal Hijabs for party wear.</p>\r\n\r\n<p>A couple of these in your pocket&hellip;and voila! A new instant wardrobe!</p>\r\n\r\n<p>These are not very expensive. But, that aside, it&rsquo;s quite interesting that something which sounds so earthy and slimy can be so beautiful to look at and wear. These are not transparent&nbsp; but are a little bit Slippery therefore we recommend <strong>Hijab Caps</strong>&nbsp;with these Hijabs</p>\r\n\r\n<p>Because they add such a great touch to Party wear or dinner wear, they can make all the difference between an average first impression and a double take. Throw in the convenience and portability and you&rsquo;ll see why these silk scarves are here to make you stand out. Get a few of these immediately before we run out of stock</p>\r\n\r\n<p>Dimensions: 72 inch x 28 inch&nbsp; &nbsp;&nbsp;</p>\r\n\r\n<p>Thickness: &nbsp;&nbsp;lightweight</p>\r\n\r\n<p>Texture: &nbsp;Soft</p>\r\n\r\n<p>Shape: Long rectangle<br />\r\n<br />\r\n<strong>Colors Avalable: White, Black, Baby Pink, Red, Meroon, Golden, Neavy Blue, Grey</strong></p>\r\n\r\n<p>Despite the fact that we strive our best efforts to make certain that product shades visible are closely matching to the product, we do not assure an exact coloration match because of lighting effects and various platforms on which you will be viewing our products like laptops, mobiles, desktops and tablets.</p>\r\n', 'silk-hijab-maroon', 2.5, 'silk-hijab-maroon.jpg', '0000-00-00', 0, 'navy blue'),
(43, 2, 'Silk hijab Neavy Blue', '<h2>Description</h2>\r\n\r\n<p>Made from finest Mulberry Silk these Luxury Silk Hijab can be a new master piece in your Collection. These are light weight, floaty and dreamy with good drape. A Subtle crinkle with right kind of Shine make these ideal Hijabs for party wear.</p>\r\n\r\n<p>A couple of these in your pocket&hellip;and voila! A new instant wardrobe!</p>\r\n\r\n<p>These are not very expensive. But, that aside, it&rsquo;s quite interesting that something which sounds so earthy and slimy can be so beautiful to look at and wear. These are not transparent&nbsp; but are a little bit Slippery therefore we recommend <strong>Hijab Caps</strong>&nbsp;with these Hijabs</p>\r\n\r\n<p>Because they add such a great touch to Party wear or dinner wear, they can make all the difference between an average first impression and a double take. Throw in the convenience and portability and you&rsquo;ll see why these silk scarves are here to make you stand out. Get a few of these immediately before we run out of stock</p>\r\n\r\n<p>Dimensions: 72 inch x 28 inch&nbsp; &nbsp;&nbsp;</p>\r\n\r\n<p>Thickness: &nbsp;&nbsp;lightweight</p>\r\n\r\n<p>Texture: &nbsp;Soft</p>\r\n\r\n<p>Shape: Long rectangle<br />\r\n<br />\r\n<strong>Colors Avalable: White, Black, Baby Pink, Red, Meroon, Golden, Neavy Blue, Grey</strong></p>\r\n\r\n<p>Despite the fact that we strive our best efforts to make certain that product shades visible are closely matching to the product, we do not assure an exact coloration match because of lighting effects and various platforms on which you will be viewing our products like laptops, mobiles, desktops and tablets.</p>\r\n', 'silk-hijab-neavy-blue', 2.5, 'silk-hijab-neavy-blue.jpg', '2024-06-12', 1, 'navy blue'),
(44, 2, 'Silk hijab Grey', '<h2>Description</h2>\r\n\r\n<p>Made from finest Mulberry Silk these Luxury Silk Hijab can be a new master piece in your Collection. These are light weight, floaty and dreamy with good drape. A Subtle crinkle with right kind of Shine make these ideal Hijabs for party wear.</p>\r\n\r\n<p>A couple of these in your pocket&hellip;and voila! A new instant wardrobe!</p>\r\n\r\n<p>These are not very expensive. But, that aside, it&rsquo;s quite interesting that something which sounds so earthy and slimy can be so beautiful to look at and wear. These are not transparent&nbsp; but are a little bit Slippery therefore we recommend <strong>Hijab Caps</strong>&nbsp;with these Hijabs</p>\r\n\r\n<p>Because they add such a great touch to Party wear or dinner wear, they can make all the difference between an average first impression and a double take. Throw in the convenience and portability and you&rsquo;ll see why these silk scarves are here to make you stand out. Get a few of these immediately before we run out of stock</p>\r\n\r\n<p>Dimensions: 72 inch x 28 inch&nbsp; &nbsp;&nbsp;</p>\r\n\r\n<p>Thickness: &nbsp;&nbsp;lightweight</p>\r\n\r\n<p>Texture: &nbsp;Soft</p>\r\n\r\n<p>Shape: Long rectangle<br />\r\n<br />\r\n<strong>Colors Avalable: White, Black, Baby Pink, Red, Meroon, Golden, Neavy Blue, Grey</strong></p>\r\n\r\n<p>Despite the fact that we strive our best efforts to make certain that product shades visible are closely matching to the product, we do not assure an exact coloration match because of lighting effects and various platforms on which you will be viewing our products like laptops, mobiles, desktops and tablets.</p>\r\n', 'silk-hijab-grey', 2.5, 'silk-hijab-grey.jpg', '2024-06-11', 1, 'navy blue'),
(45, 2, 'Silk hijab Peach', '<h2>Description</h2>\r\n\r\n<p>Made from finest Mulberry Silk these Luxury Silk Hijab can be a new master piece in your Collection. These are light weight, floaty and dreamy with good drape. A Subtle crinkle with right kind of Shine make these ideal Hijabs for party wear.</p>\r\n\r\n<p>A couple of these in your pocket&hellip;and voila! A new instant wardrobe!</p>\r\n\r\n<p>These are not very expensive. But, that aside, it&rsquo;s quite interesting that something which sounds so earthy and slimy can be so beautiful to look at and wear. These are not transparent&nbsp; but are a little bit Slippery therefore we recommend <strong>Hijab Caps</strong>&nbsp;with these Hijabs</p>\r\n\r\n<p>Because they add such a great touch to Party wear or dinner wear, they can make all the difference between an average first impression and a double take. Throw in the convenience and portability and you&rsquo;ll see why these silk scarves are here to make you stand out. Get a few of these immediately before we run out of stock</p>\r\n\r\n<p>Dimensions: 72 inch x 28 inch&nbsp; &nbsp;&nbsp;</p>\r\n\r\n<p>Thickness: &nbsp;&nbsp;lightweight</p>\r\n\r\n<p>Texture: &nbsp;Soft</p>\r\n\r\n<p>Shape: Long rectangle<br />\r\n<br />\r\n<strong>Colors Avalable: White, Black, Baby Pink, Red, Meroon, Golden, Neavy Blue, Grey</strong></p>\r\n\r\n<p>Despite the fact that we strive our best efforts to make certain that product shades visible are closely matching to the product, we do not assure an exact coloration match because of lighting effects and various platforms on which you will be viewing our products like laptops, mobiles, desktops and tablets.</p>\r\n', 'silk-hijab-peach', 2.5, 'silk-hijab-peach.jpg', '0000-00-00', 0, 'navy blue'),
(46, 2, 'Georgette Black Scarf', '<p>Premium Georgette Hijabs are our signature luxury variety and are made with very soft and fine quality fabric. They give you a different look because of their high quality fabric, light weight feeling and beautiful and effortless drape. Texture is extremely subtle and not slippery at all. Feel glamorous every day or use them for your special occasions choice is yours. These have everything which you look for in Hijab like sleek look, less ironing, good drape, nice opacity to cover your hair and above all beautiful color shades</p>\r\n\r\n<p><strong>Colors Available: White, Black, Red, Maroon, Green, Blue, Peach, Pink, Skin, Grey,&nbsp;</strong></p>\r\n\r\n<p><strong>Shape:</strong>&nbsp;Long rectangle<br />\r\n<strong>Thickness:</strong>&nbsp;Light<br />\r\n<strong>Weight:</strong>&nbsp;Light-Medium<br />\r\n<strong>Texture:</strong>&nbsp;Subtle Texture<br />\r\n<strong>Visibility:</strong>&nbsp;Sheer, Opaque when layered<br />\r\n<strong>Creasing:</strong>&nbsp;Not prone to creasing<br />\r\n<strong>Wearability:</strong>&nbsp;Somewhat Slippery (underscarf recommended)</p>\r\n\r\n<p><strong>Fabric Description:</strong><br />\r\n&bull;&nbsp;100% Polyester<br />\r\n&bull; 72&Prime; x 29&Prime;</p>\r\n\r\n<p><strong>Fabric Care:</strong><br />\r\n&bull;We recommend hand washing, however if you machine wash then do it at light cycle. Do not Spin at all</p>\r\n\r\n<p><strong>Color Shade Disclaimer</strong></p>\r\n\r\n<p>Despite the fact that we strive our best efforts to make certain that product shades visible are closely matching to the product, we do not assure an exact coloration match because of lighting effects and various platforms on which you will be viewing our products like laptops, mobiles, desktops and tablets.</p>\r\n', 'georgette-black-scarf', 2, 'georgette-black-scarf.jpg', '0000-00-00', 0, 'navy blue'),
(47, 2, 'Georgette White Scarf', '<p>Premium Georgette Hijabs are our signature luxury variety and are made with very soft and fine quality fabric. They give you a different look because of their high quality fabric, light weight feeling and beautiful and effortless drape. Texture is extremely subtle and not slippery at all. Feel glamorous every day or use them for your special occasions choice is yours. These have everything which you look for in Hijab like sleek look, less ironing, good drape, nice opacity to cover your hair and above all beautiful color shades</p>\r\n\r\n<p><strong>Colors Available: White, Black, Red, Maroon, Green, Blue, Peach, Pink, Skin, Grey,&nbsp;</strong></p>\r\n\r\n<p><strong>Shape:</strong>&nbsp;Long rectangle<br />\r\n<strong>Thickness:</strong>&nbsp;Light<br />\r\n<strong>Weight:</strong>&nbsp;Light-Medium<br />\r\n<strong>Texture:</strong>&nbsp;Subtle Texture<br />\r\n<strong>Visibility:</strong>&nbsp;Sheer, Opaque when layered<br />\r\n<strong>Creasing:</strong>&nbsp;Not prone to creasing<br />\r\n<strong>Wearability:</strong>&nbsp;Somewhat Slippery (underscarf recommended)</p>\r\n\r\n<p><strong>Fabric Description:</strong><br />\r\n&bull;&nbsp;100% Polyester<br />\r\n&bull; 72&Prime; x 29&Prime;</p>\r\n\r\n<p><strong>Fabric Care:</strong><br />\r\n&bull;We recommend hand washing, however if you machine wash then do it at light cycle. Do not Spin at all</p>\r\n\r\n<p><strong>Color Shade Disclaimer</strong></p>\r\n\r\n<p>Despite the fact that we strive our best efforts to make certain that product shades visible are closely matching to the product, we do not assure an exact coloration match because of lighting effects and various platforms on which you will be viewing our products like laptops, mobiles, desktops and tablets.</p>\r\n', 'georgette-white-scarf', 2, 'georgette-white-scarf.jpg', '2024-06-12', 1, 'navy blue'),
(48, 2, 'Georgette Red Scarf', '<p>Premium Georgette Hijabs are our signature luxury variety and are made with very soft and fine quality fabric. They give you a different look because of their high quality fabric, light weight feeling and beautiful and effortless drape. Texture is extremely subtle and not slippery at all. Feel glamorous every day or use them for your special occasions choice is yours. These have everything which you look for in Hijab like sleek look, less ironing, good drape, nice opacity to cover your hair and above all beautiful color shades</p>\r\n\r\n<p><strong>Colors Available: White, Black, Red, Maroon, Green, Blue, Peach, Pink, Skin, Grey,&nbsp;</strong></p>\r\n\r\n<p><strong>Shape:</strong>&nbsp;Long rectangle<br />\r\n<strong>Thickness:</strong>&nbsp;Light<br />\r\n<strong>Weight:</strong>&nbsp;Light-Medium<br />\r\n<strong>Texture:</strong>&nbsp;Subtle Texture<br />\r\n<strong>Visibility:</strong>&nbsp;Sheer, Opaque when layered<br />\r\n<strong>Creasing:</strong>&nbsp;Not prone to creasing<br />\r\n<strong>Wearability:</strong>&nbsp;Somewhat Slippery (underscarf recommended)</p>\r\n\r\n<p><strong>Fabric Description:</strong><br />\r\n&bull;&nbsp;100% Polyester<br />\r\n&bull; 72&Prime; x 29&Prime;</p>\r\n\r\n<p><strong>Fabric Care:</strong><br />\r\n&bull;We recommend hand washing, however if you machine wash then do it at light cycle. Do not Spin at all</p>\r\n\r\n<p><strong>Color Shade Disclaimer</strong></p>\r\n\r\n<p>Despite the fact that we strive our best efforts to make certain that product shades visible are closely matching to the product, we do not assure an exact coloration match because of lighting effects and various platforms on which you will be viewing our products like laptops, mobiles, desktops and tablets.</p>\r\n', 'georgette-red-scarf', 2, 'georgette-red-scarf.jpg', '0000-00-00', 0, 'navy blue'),
(49, 2, 'Georgette Maroon Scarf', '<p>Premium Georgette Hijabs are our signature luxury variety and are made with very soft and fine quality fabric. They give you a different look because of their high quality fabric, light weight feeling and beautiful and effortless drape. Texture is extremely subtle and not slippery at all. Feel glamorous every day or use them for your special occasions choice is yours. These have everything which you look for in Hijab like sleek look, less ironing, good drape, nice opacity to cover your hair and above all beautiful color shades</p>\r\n\r\n<p><strong>Colors Available: White, Black, Red, Maroon, Green, Blue, Peach, Pink, Skin, Grey,&nbsp;</strong></p>\r\n\r\n<p><strong>Shape:</strong>&nbsp;Long rectangle<br />\r\n<strong>Thickness:</strong>&nbsp;Light<br />\r\n<strong>Weight:</strong>&nbsp;Light-Medium<br />\r\n<strong>Texture:</strong>&nbsp;Subtle Texture<br />\r\n<strong>Visibility:</strong>&nbsp;Sheer, Opaque when layered<br />\r\n<strong>Creasing:</strong>&nbsp;Not prone to creasing<br />\r\n<strong>Wearability:</strong>&nbsp;Somewhat Slippery (underscarf recommended)</p>\r\n\r\n<p><strong>Fabric Description:</strong><br />\r\n&bull;&nbsp;100% Polyester<br />\r\n&bull; 72&Prime; x 29&Prime;</p>\r\n\r\n<p><strong>Fabric Care:</strong><br />\r\n&bull;We recommend hand washing, however if you machine wash then do it at light cycle. Do not Spin at all</p>\r\n\r\n<p><strong>Color Shade Disclaimer</strong></p>\r\n\r\n<p>Despite the fact that we strive our best efforts to make certain that product shades visible are closely matching to the product, we do not assure an exact coloration match because of lighting effects and various platforms on which you will be viewing our products like laptops, mobiles, desktops and tablets.</p>\r\n', 'georgette-maroon-scarf', 2, 'georgette-maroon-scarf.jpg', '0000-00-00', 0, 'navy blue'),
(50, 2, 'Georgette Peach Scarf', '<p>Premium Georgette Hijabs are our signature luxury variety and are made with very soft and fine quality fabric. They give you a different look because of their high quality fabric, light weight feeling and beautiful and effortless drape. Texture is extremely subtle and not slippery at all. Feel glamorous every day or use them for your special occasions choice is yours. These have everything which you look for in Hijab like sleek look, less ironing, good drape, nice opacity to cover your hair and above all beautiful color shades</p>\r\n\r\n<p><strong>Colors Available: White, Black, Red, Maroon, Green, Blue, Peach, Pink, Skin, Grey,&nbsp;</strong></p>\r\n\r\n<p><strong>Shape:</strong>&nbsp;Long rectangle<br />\r\n<strong>Thickness:</strong>&nbsp;Light<br />\r\n<strong>Weight:</strong>&nbsp;Light-Medium<br />\r\n<strong>Texture:</strong>&nbsp;Subtle Texture<br />\r\n<strong>Visibility:</strong>&nbsp;Sheer, Opaque when layered<br />\r\n<strong>Creasing:</strong>&nbsp;Not prone to creasing<br />\r\n<strong>Wearability:</strong>&nbsp;Somewhat Slippery (underscarf recommended)</p>\r\n\r\n<p><strong>Fabric Description:</strong><br />\r\n&bull;&nbsp;100% Polyester<br />\r\n&bull; 72&Prime; x 29&Prime;</p>\r\n\r\n<p><strong>Fabric Care:</strong><br />\r\n&bull;We recommend hand washing, however if you machine wash then do it at light cycle. Do not Spin at all</p>\r\n\r\n<p><strong>Color Shade Disclaimer</strong></p>\r\n\r\n<p>Despite the fact that we strive our best efforts to make certain that product shades visible are closely matching to the product, we do not assure an exact coloration match because of lighting effects and various platforms on which you will be viewing our products like laptops, mobiles, desktops and tablets.</p>\r\n', 'georgette-peach-scarf', 2, 'georgette-peach-scarf.jpg', '0000-00-00', 0, 'navy blue'),
(51, 2, 'Georgette Pink Scarf', '<p>Premium Georgette Hijabs are our signature luxury variety and are made with very soft and fine quality fabric. They give you a different look because of their high quality fabric, light weight feeling and beautiful and effortless drape. Texture is extremely subtle and not slippery at all. Feel glamorous every day or use them for your special occasions choice is yours. These have everything which you look for in Hijab like sleek look, less ironing, good drape, nice opacity to cover your hair and above all beautiful color shades</p>\r\n\r\n<p><strong>Colors Available: White, Black, Red, Maroon, Green, Blue, Peach, Pink, Skin, Grey,&nbsp;</strong></p>\r\n\r\n<p><strong>Shape:</strong>&nbsp;Long rectangle<br />\r\n<strong>Thickness:</strong>&nbsp;Light<br />\r\n<strong>Weight:</strong>&nbsp;Light-Medium<br />\r\n<strong>Texture:</strong>&nbsp;Subtle Texture<br />\r\n<strong>Visibility:</strong>&nbsp;Sheer, Opaque when layered<br />\r\n<strong>Creasing:</strong>&nbsp;Not prone to creasing<br />\r\n<strong>Wearability:</strong>&nbsp;Somewhat Slippery (underscarf recommended)</p>\r\n\r\n<p><strong>Fabric Description:</strong><br />\r\n&bull;&nbsp;100% Polyester<br />\r\n&bull; 72&Prime; x 29&Prime;</p>\r\n\r\n<p><strong>Fabric Care:</strong><br />\r\n&bull;We recommend hand washing, however if you machine wash then do it at light cycle. Do not Spin at all</p>\r\n\r\n<p><strong>Color Shade Disclaimer</strong></p>\r\n\r\n<p>Despite the fact that we strive our best efforts to make certain that product shades visible are closely matching to the product, we do not assure an exact coloration match because of lighting effects and various platforms on which you will be viewing our products like laptops, mobiles, desktops and tablets.</p>\r\n', 'georgette-pink-scarf', 2, 'georgette-pink-scarf.jpg', '0000-00-00', 0, 'navy blue'),
(52, 2, 'Georgette LightSkin Scarf', '<p>Premium Georgette Hijabs are our signature luxury variety and are made with very soft and fine quality fabric. They give you a different look because of their high quality fabric, light weight feeling and beautiful and effortless drape. Texture is extremely subtle and not slippery at all. Feel glamorous every day or use them for your special occasions choice is yours. These have everything which you look for in Hijab like sleek look, less ironing, good drape, nice opacity to cover your hair and above all beautiful color shades</p>\r\n\r\n<p><strong>Colors Available: White, Black, Red, Maroon, Green, Blue, Peach, Pink, Skin, Grey,&nbsp;</strong></p>\r\n\r\n<p><strong>Shape:</strong>&nbsp;Long rectangle<br />\r\n<strong>Thickness:</strong>&nbsp;Light<br />\r\n<strong>Weight:</strong>&nbsp;Light-Medium<br />\r\n<strong>Texture:</strong>&nbsp;Subtle Texture<br />\r\n<strong>Visibility:</strong>&nbsp;Sheer, Opaque when layered<br />\r\n<strong>Creasing:</strong>&nbsp;Not prone to creasing<br />\r\n<strong>Wearability:</strong>&nbsp;Somewhat Slippery (underscarf recommended)</p>\r\n\r\n<p><strong>Fabric Description:</strong><br />\r\n&bull;&nbsp;100% Polyester<br />\r\n&bull; 72&Prime; x 29&Prime;</p>\r\n\r\n<p><strong>Fabric Care:</strong><br />\r\n&bull;We recommend hand washing, however if you machine wash then do it at light cycle. Do not Spin at all</p>\r\n\r\n<p><strong>Color Shade Disclaimer</strong></p>\r\n\r\n<p>Despite the fact that we strive our best efforts to make certain that product shades visible are closely matching to the product, we do not assure an exact coloration match because of lighting effects and various platforms on which you will be viewing our products like laptops, mobiles, desktops and tablets.</p>\r\n', 'georgette-lightskin-scarf', 2, 'georgette-lightskin-scarf.jpg', '0000-00-00', 0, 'navy blue'),
(53, 2, 'Georgette Skin Scarf', '<p>Premium Georgette Hijabs are our signature luxury variety and are made with very soft and fine quality fabric. They give you a different look because of their high quality fabric, light weight feeling and beautiful and effortless drape. Texture is extremely subtle and not slippery at all. Feel glamorous every day or use them for your special occasions choice is yours. These have everything which you look for in Hijab like sleek look, less ironing, good drape, nice opacity to cover your hair and above all beautiful color shades</p>\r\n\r\n<p><strong>Colors Available: White, Black, Red, Maroon, Green, Blue, Peach, Pink, Skin, Grey,&nbsp;</strong></p>\r\n\r\n<p><strong>Shape:</strong>&nbsp;Long rectangle<br />\r\n<strong>Thickness:</strong>&nbsp;Light<br />\r\n<strong>Weight:</strong>&nbsp;Light-Medium<br />\r\n<strong>Texture:</strong>&nbsp;Subtle Texture<br />\r\n<strong>Visibility:</strong>&nbsp;Sheer, Opaque when layered<br />\r\n<strong>Creasing:</strong>&nbsp;Not prone to creasing<br />\r\n<strong>Wearability:</strong>&nbsp;Somewhat Slippery (underscarf recommended)</p>\r\n\r\n<p><strong>Fabric Description:</strong><br />\r\n&bull;&nbsp;100% Polyester<br />\r\n&bull; 72&Prime; x 29&Prime;</p>\r\n\r\n<p><strong>Fabric Care:</strong><br />\r\n&bull;We recommend hand washing, however if you machine wash then do it at light cycle. Do not Spin at all</p>\r\n\r\n<p><strong>Color Shade Disclaimer</strong></p>\r\n\r\n<p>Despite the fact that we strive our best efforts to make certain that product shades visible are closely matching to the product, we do not assure an exact coloration match because of lighting effects and various platforms on which you will be viewing our products like laptops, mobiles, desktops and tablets.</p>\r\n', 'georgette-skin-scarf', 2, 'georgette-skin-scarf.jpg', '2024-06-12', 2, 'navy blue'),
(54, 2, 'Georgette Green Scarf', '<p>Premium Georgette Hijabs are our signature luxury variety and are made with very soft and fine quality fabric. They give you a different look because of their high quality fabric, light weight feeling and beautiful and effortless drape. Texture is extremely subtle and not slippery at all. Feel glamorous every day or use them for your special occasions choice is yours. These have everything which you look for in Hijab like sleek look, less ironing, good drape, nice opacity to cover your hair and above all beautiful color shades</p>\r\n\r\n<p><strong>Colors Available: White, Black, Red, Maroon, Green, Blue, Peach, Pink, Skin, Grey,&nbsp;</strong></p>\r\n\r\n<p><strong>Shape:</strong>&nbsp;Long rectangle<br />\r\n<strong>Thickness:</strong>&nbsp;Light<br />\r\n<strong>Weight:</strong>&nbsp;Light-Medium<br />\r\n<strong>Texture:</strong>&nbsp;Subtle Texture<br />\r\n<strong>Visibility:</strong>&nbsp;Sheer, Opaque when layered<br />\r\n<strong>Creasing:</strong>&nbsp;Not prone to creasing<br />\r\n<strong>Wearability:</strong>&nbsp;Somewhat Slippery (underscarf recommended)</p>\r\n\r\n<p><strong>Fabric Description:</strong><br />\r\n&bull;&nbsp;100% Polyester<br />\r\n&bull; 72&Prime; x 29&Prime;</p>\r\n\r\n<p><strong>Fabric Care:</strong><br />\r\n&bull;We recommend hand washing, however if you machine wash then do it at light cycle. Do not Spin at all</p>\r\n\r\n<p><strong>Color Shade Disclaimer</strong></p>\r\n\r\n<p>Despite the fact that we strive our best efforts to make certain that product shades visible are closely matching to the product, we do not assure an exact coloration match because of lighting effects and various platforms on which you will be viewing our products like laptops, mobiles, desktops and tablets.</p>\r\n', 'georgette-green-scarf', 2, 'georgette-green-scarf.jpg', '0000-00-00', 0, 'navy blue'),
(55, 2, 'Georgette Lilac Scarf', '<p>Premium Georgette Hijabs are our signature luxury variety and are made with very soft and fine quality fabric. They give you a different look because of their high quality fabric, light weight feeling and beautiful and effortless drape. Texture is extremely subtle and not slippery at all. Feel glamorous every day or use them for your special occasions choice is yours. These have everything which you look for in Hijab like sleek look, less ironing, good drape, nice opacity to cover your hair and above all beautiful color shades</p>\r\n\r\n<p><strong>Colors Available: White, Black, Red, Maroon, Green, Blue, Peach, Pink, Skin, Grey,&nbsp;</strong></p>\r\n\r\n<p><strong>Shape:</strong>&nbsp;Long rectangle<br />\r\n<strong>Thickness:</strong>&nbsp;Light<br />\r\n<strong>Weight:</strong>&nbsp;Light-Medium<br />\r\n<strong>Texture:</strong>&nbsp;Subtle Texture<br />\r\n<strong>Visibility:</strong>&nbsp;Sheer, Opaque when layered<br />\r\n<strong>Creasing:</strong>&nbsp;Not prone to creasing<br />\r\n<strong>Wearability:</strong>&nbsp;Somewhat Slippery (underscarf recommended)</p>\r\n\r\n<p><strong>Fabric Description:</strong><br />\r\n&bull;&nbsp;100% Polyester<br />\r\n&bull; 72&Prime; x 29&Prime;</p>\r\n\r\n<p><strong>Fabric Care:</strong><br />\r\n&bull;We recommend hand washing, however if you machine wash then do it at light cycle. Do not Spin at all</p>\r\n\r\n<p><strong>Color Shade Disclaimer</strong></p>\r\n\r\n<p>Despite the fact that we strive our best efforts to make certain that product shades visible are closely matching to the product, we do not assure an exact coloration match because of lighting effects and various platforms on which you will be viewing our products like laptops, mobiles, desktops and tablets.</p>\r\n', 'georgette-lilac-scarf', 2, 'georgette-lilac-scarf.jpg', '2024-06-12', 2, 'navy blue');
INSERT INTO `products` (`id`, `category_id`, `name`, `description`, `slug`, `price`, `photo`, `date_view`, `counter`, `color`) VALUES
(56, 3, 'Bundle Of 6 Silk Hijab/Scarf', '<p>Made from finest Mulberry Silk these Luxury Silk Hijab can be a new master piece in your Collection. These are light weight, floaty and dreamy with good drape. A Subtle crinkle with right kind of Shine make these ideal Hijabs for party wear.</p>\r\n\r\n<p><br />\r\n<strong>Colors Avalable: White, Black, Baby Pink, Red, Meroon, Golden, Neavy Blue, Grey</strong></p>\r\n\r\n<p>A couple of these in your pocket&hellip;and voila! A new instant wardrobe!</p>\r\n\r\n<p>These are not very expensive. But, that aside, it&rsquo;s quite interesting that something which sounds so earthy and slimy can be so beautiful to look at and wear. These are not transparent&nbsp; but are a little bit Slippery therefore we recommend <strong>Hijab Caps</strong>&nbsp;with these Hijabs</p>\r\n\r\n<p>Because they add such a great touch to Party wear or dinner wear, they can make all the difference between an average first impression and a double take. Throw in the convenience and portability and you&rsquo;ll see why these silk scarves are here to make you stand out. Get a few of these immediately before we run out of stock</p>\r\n\r\n<p>Dimensions: 72 inch x 28 inch&nbsp; &nbsp;&nbsp;</p>\r\n\r\n<p>Thickness: &nbsp;&nbsp;lightweight</p>\r\n\r\n<p>Texture: &nbsp;SoftShape: Long rectangle<br />\r\nDespite the fact that we strive our best efforts to make certain that product shades visible are closely matching to the product, we do not assure an exact coloration match because of lighting effects and various platforms on which you will be viewing our products like laptops, mobiles, desktops and tablets.</p>\r\n', 'bundle-of-6-silk-hijab-scarf', 15, 'bundle-of-6-silk-hijab-scarf.jpg', '2024-06-12', 1, 'navy blue'),
(57, 1, 'Chiffon Dupatta Maroon', '<ul>\r\n	<li>Chiffon dupatta to match your outfit</li>\r\n	<li>Length: 90 inches</li>\r\n	<li>Width: 43 inches</li>\r\n	<li>Approx 2.25 meter (2.5 Guzz)</li>\r\n	<li>Weight: 172 g<br />\r\n	variety of colors Available</li>\r\n</ul>\r\n\r\n<p><strong>Fabric</strong>: Crinkle Chiffon</p>\r\n\r\n<p>&nbsp;</p>\r\n\r\n<p>Enhance your elegance with our black crinkle chiffon dupatta, adding a touch of sophistication to any ensemble.</p>\r\n\r\n<p><strong>Note</strong>: Actual product color may vary slightly from the image shown.</p>\r\n', 'chiffon-dupatta-maroon', 2, 'chiffon-dupatta-maroon.jpg', '2024-06-12', 1, 'navy blue'),
(58, 1, 'Chiffon Dupatta Lilac', '<ul>\r\n	<li>Chiffon dupatta to match your outfit</li>\r\n	<li>Length: 90 inches</li>\r\n	<li>Width: 43 inches</li>\r\n	<li>Approx 2.25 meter (2.5 Guzz)</li>\r\n	<li>Weight: 172 g<br />\r\n	variety of colors Available</li>\r\n</ul>\r\n\r\n<p><strong>Fabric</strong>: Crinkle Chiffon</p>\r\n\r\n<p>&nbsp;</p>\r\n\r\n<p>Enhance your elegance with our black crinkle chiffon dupatta, adding a touch of sophistication to any ensemble.</p>\r\n\r\n<p><strong>Note</strong>: Actual product color may vary slightly from the image shown.</p>\r\n', 'chiffon-dupatta-lilac', 2, 'chiffon-dupatta-lilac.jpg', '2024-06-12', 1, 'navy blue'),
(59, 1, 'Chiffon Dupatta Aqua Green', '<ul>\r\n	<li>Chiffon dupatta to match your outfit</li>\r\n	<li>Length: 90 inches</li>\r\n	<li>Width: 43 inches</li>\r\n	<li>Approx 2.25 meter (2.5 Guzz)</li>\r\n	<li>Weight: 172 g<br />\r\n	variety of colors Available</li>\r\n</ul>\r\n\r\n<p><strong>Fabric</strong>: Crinkle Chiffon</p>\r\n\r\n<p>&nbsp;</p>\r\n\r\n<p>Enhance your elegance with our black crinkle chiffon dupatta, adding a touch of sophistication to any ensemble.</p>\r\n\r\n<p><strong>Note</strong>: Actual product color may vary slightly from the image shown.</p>\r\n', 'chiffon-dupatta-aqua-green', 2, 'chiffon-dupatta-aqua-green.jpg', '0000-00-00', 0, 'navy blue'),
(60, 1, 'Chiffon Dupatta Red', '<ul>\r\n	<li>Chiffon dupatta to match your outfit</li>\r\n	<li>Length: 90 inches</li>\r\n	<li>Width: 43 inches</li>\r\n	<li>Approx 2.25 meter (2.5 Guzz)</li>\r\n	<li>Weight: 172 g<br />\r\n	variety of colors Available</li>\r\n</ul>\r\n\r\n<p><strong>Fabric</strong>: Crinkle Chiffon</p>\r\n\r\n<p>&nbsp;</p>\r\n\r\n<p>Enhance your elegance with our black crinkle chiffon dupatta, adding a touch of sophistication to any ensemble.</p>\r\n\r\n<p><strong>Note</strong>: Actual product color may vary slightly from the image shown.</p>\r\n', 'chiffon-dupatta-red', 2, 'chiffon-dupatta-red.jpg', '0000-00-00', 0, 'navy blue'),
(61, 1, 'Chiffon Dupatta White', '<ul>\r\n	<li>Chiffon dupatta to match your outfit</li>\r\n	<li>Length: 90 inches</li>\r\n	<li>Width: 43 inches</li>\r\n	<li>Approx 2.25 meter (2.5 Guzz)</li>\r\n	<li>Weight: 172 g<br />\r\n	variety of colors Available</li>\r\n</ul>\r\n\r\n<p><strong>Fabric</strong>: Crinkle Chiffon</p>\r\n\r\n<p>&nbsp;</p>\r\n\r\n<p>Enhance your elegance with our black crinkle chiffon dupatta, adding a touch of sophistication to any ensemble.</p>\r\n\r\n<p><strong>Note</strong>: Actual product color may vary slightly from the image shown.</p>\r\n', 'chiffon-dupatta-white', 2, 'chiffon-dupatta-white.jpg', '0000-00-00', 0, 'navy blue'),
(62, 1, 'Chiffon Dupatta Black', '<ul>\r\n	<li>Chiffon dupatta to match your outfit</li>\r\n	<li>Length: 90 inches</li>\r\n	<li>Width: 43 inches</li>\r\n	<li>Approx 2.25 meter (2.5 Guzz)</li>\r\n	<li>Weight: 172 g<br />\r\n	variety of colors Available</li>\r\n</ul>\r\n\r\n<p><strong>Fabric</strong>: Crinkle Chiffon</p>\r\n\r\n<p>&nbsp;</p>\r\n\r\n<p>Enhance your elegance with our black crinkle chiffon dupatta, adding a touch of sophistication to any ensemble.</p>\r\n\r\n<p><strong>Note</strong>: Actual product color may vary slightly from the image shown.</p>\r\n', 'chiffon-dupatta-black', 2, 'chiffon-dupatta-black.jpg', '0000-00-00', 0, 'navy blue'),
(63, 1, 'Chiffon Dupatta Neavy Blue', '<ul>\r\n	<li>Chiffon dupatta to match your outfit</li>\r\n	<li>Length: 90 inches</li>\r\n	<li>Width: 43 inches</li>\r\n	<li>Approx 2.25 meter (2.5 Guzz)</li>\r\n	<li>Weight: 172 g<br />\r\n	variety of colors Available</li>\r\n</ul>\r\n\r\n<p><strong>Fabric</strong>: Crinkle Chiffon</p>\r\n\r\n<p>&nbsp;</p>\r\n\r\n<p>Enhance your elegance with our black crinkle chiffon dupatta, adding a touch of sophistication to any ensemble.</p>\r\n\r\n<p><strong>Note</strong>: Actual product color may vary slightly from the image shown.</p>\r\n', 'chiffon-dupatta-neavy-blue', 2, 'chiffon-dupatta-neavy-blue.jpg', '2024-06-12', 2, 'navy blue'),
(64, 1, 'Chiffon Dupatta Royal Blue', '<ul>\r\n	<li>Chiffon dupatta to match your outfit</li>\r\n	<li>Length: 90 inches</li>\r\n	<li>Width: 43 inches</li>\r\n	<li>Approx 2.25 meter (2.5 Guzz)</li>\r\n	<li>Weight: 172 g<br />\r\n	variety of colors Available</li>\r\n</ul>\r\n\r\n<p><strong>Fabric</strong>: Crinkle Chiffon</p>\r\n\r\n<p>&nbsp;</p>\r\n\r\n<p>Enhance your elegance with our black crinkle chiffon dupatta, adding a touch of sophistication to any ensemble.</p>\r\n\r\n<p><strong>Note</strong>: Actual product color may vary slightly from the image shown.</p>\r\n', 'chiffon-dupatta-royal-blue', 2, 'chiffon-dupatta-royal-blue.jpg', '0000-00-00', 0, 'navy blue'),
(65, 1, 'Chiffon Dupatta Yellow', '<ul>\r\n	<li>Chiffon dupatta to match your outfit</li>\r\n	<li>Length: 90 inches</li>\r\n	<li>Width: 43 inches</li>\r\n	<li>Approx 2.25 meter (2.5 Guzz)</li>\r\n	<li>Weight: 172 g<br />\r\n	variety of colors Available</li>\r\n</ul>\r\n\r\n<p><strong>Fabric</strong>: Crinkle Chiffon</p>\r\n\r\n<p>&nbsp;</p>\r\n\r\n<p>Enhance your elegance with our black crinkle chiffon dupatta, adding a touch of sophistication to any ensemble.</p>\r\n\r\n<p><strong>Note</strong>: Actual product color may vary slightly from the image shown.</p>\r\n', 'chiffon-dupatta-yellow', 2, 'chiffon-dupatta-yellow.jpg', '0000-00-00', 0, 'navy blue'),
(66, 1, 'Chiffon Dupatta Dark Pink', '<ul>\r\n	<li>Chiffon dupatta to match your outfit</li>\r\n	<li>Length: 90 inches</li>\r\n	<li>Width: 43 inches</li>\r\n	<li>Approx 2.25 meter (2.5 Guzz)</li>\r\n	<li>Weight: 172 g<br />\r\n	variety of colors Available</li>\r\n</ul>\r\n\r\n<p><strong>Fabric</strong>: Crinkle Chiffon</p>\r\n\r\n<p>&nbsp;</p>\r\n\r\n<p>Enhance your elegance with our black crinkle chiffon dupatta, adding a touch of sophistication to any ensemble.</p>\r\n\r\n<p><strong>Note</strong>: Actual product color may vary slightly from the image shown.</p>\r\n', 'chiffon-dupatta-dark-pink', 2, 'chiffon-dupatta-dark-pink.jpg', '0000-00-00', 0, 'navy blue'),
(67, 1, 'Chiffon Dupatta Light Pink', '<ul>\r\n	<li>Chiffon dupatta to match your outfit</li>\r\n	<li>Length: 90 inches</li>\r\n	<li>Width: 43 inches</li>\r\n	<li>Approx 2.25 meter (2.5 Guzz)</li>\r\n	<li>Weight: 172 g<br />\r\n	variety of colors Available</li>\r\n</ul>\r\n\r\n<p><strong>Fabric</strong>: Crinkle Chiffon</p>\r\n\r\n<p>&nbsp;</p>\r\n\r\n<p>Enhance your elegance with our black crinkle chiffon dupatta, adding a touch of sophistication to any ensemble.</p>\r\n\r\n<p><strong>Note</strong>: Actual product color may vary slightly from the image shown.</p>\r\n', 'chiffon-dupatta-light-pink', 2, 'chiffon-dupatta-light-pink.jpg', '0000-00-00', 0, 'navy blue'),
(68, 1, 'Chiffon Dupatta Light Skin', '<ul>\r\n	<li>Chiffon dupatta to match your outfit</li>\r\n	<li>Length: 90 inches</li>\r\n	<li>Width: 43 inches</li>\r\n	<li>Approx 2.25 meter (2.5 Guzz)</li>\r\n	<li>Weight: 172 g<br />\r\n	variety of colors Available</li>\r\n</ul>\r\n\r\n<p><strong>Fabric</strong>: Crinkle Chiffon</p>\r\n\r\n<p>&nbsp;</p>\r\n\r\n<p>Enhance your elegance with our black crinkle chiffon dupatta, adding a touch of sophistication to any ensemble.</p>\r\n\r\n<p><strong>Note</strong>: Actual product color may vary slightly from the image shown.</p>\r\n', 'chiffon-dupatta-light-skin', 2, 'chiffon-dupatta-light-skin.jpg', '0000-00-00', 0, 'navy blue'),
(69, 1, 'Chiffon Dupatta Light Brown', '<ul>\r\n	<li>Chiffon dupatta to match your outfit</li>\r\n	<li>Length: 90 inches</li>\r\n	<li>Width: 43 inches</li>\r\n	<li>Approx 2.25 meter (2.5 Guzz)</li>\r\n	<li>Weight: 172 g<br />\r\n	variety of colors Available</li>\r\n</ul>\r\n\r\n<p><strong>Fabric</strong>: Crinkle Chiffon</p>\r\n\r\n<p>&nbsp;</p>\r\n\r\n<p>Enhance your elegance with our black crinkle chiffon dupatta, adding a touch of sophistication to any ensemble.</p>\r\n\r\n<p><strong>Note</strong>: Actual product color may vary slightly from the image shown.</p>\r\n', 'chiffon-dupatta-light-brown', 2, 'chiffon-dupatta-light-brown.jpg', '0000-00-00', 0, 'navy blue'),
(70, 1, 'Chiffon Dupatta Orange', '<ul>\r\n	<li>Chiffon dupatta to match your outfit</li>\r\n	<li>Length: 90 inches</li>\r\n	<li>Width: 43 inches</li>\r\n	<li>Approx 2.25 meter (2.5 Guzz)</li>\r\n	<li>Weight: 172 g<br />\r\n	variety of colors Available</li>\r\n</ul>\r\n\r\n<p><strong>Fabric</strong>: Crinkle Chiffon</p>\r\n\r\n<p>&nbsp;</p>\r\n\r\n<p>Enhance your elegance with our black crinkle chiffon dupatta, adding a touch of sophistication to any ensemble.</p>\r\n\r\n<p><strong>Note</strong>: Actual product color may vary slightly from the image shown.</p>\r\n', 'chiffon-dupatta-orange', 2, 'chiffon-dupatta-orange.jpg', '0000-00-00', 0, 'navy blue'),
(71, 1, 'Chiffon Dupatta Purple', '<ul>\r\n	<li>Chiffon dupatta to match your outfit</li>\r\n	<li>Length: 90 inches</li>\r\n	<li>Width: 43 inches</li>\r\n	<li>Approx 2.25 meter (2.5 Guzz)</li>\r\n	<li>Weight: 172 g<br />\r\n	variety of colors Available</li>\r\n</ul>\r\n\r\n<p><strong>Fabric</strong>: Crinkle Chiffon</p>\r\n\r\n<p>&nbsp;</p>\r\n\r\n<p>Enhance your elegance with our black crinkle chiffon dupatta, adding a touch of sophistication to any ensemble.</p>\r\n\r\n<p><strong>Note</strong>: Actual product color may vary slightly from the image shown.</p>\r\n', 'chiffon-dupatta-purple', 2, 'chiffon-dupatta-purple.jpg', '0000-00-00', 0, 'navy blue'),
(72, 1, 'Chiffon Dupatta Peach', '<ul>\r\n	<li>Chiffon dupatta to match your outfit</li>\r\n	<li>Length: 90 inches</li>\r\n	<li>Width: 43 inches</li>\r\n	<li>Approx 2.25 meter (2.5 Guzz)</li>\r\n	<li>Weight: 172 g<br />\r\n	variety of colors Available</li>\r\n</ul>\r\n\r\n<p><strong>Fabric</strong>: Crinkle Chiffon</p>\r\n\r\n<p>&nbsp;</p>\r\n\r\n<p>Enhance your elegance with our black crinkle chiffon dupatta, adding a touch of sophistication to any ensemble.</p>\r\n\r\n<p><strong>Note</strong>: Actual product color may vary slightly from the image shown.</p>\r\n', 'chiffon-dupatta-peach', 2, 'chiffon-dupatta-peach.jpg', '0000-00-00', 0, 'navy blue'),
(73, 1, 'Chiffon Dupatta Dark Green', '<ul>\r\n	<li>Chiffon dupatta to match your outfit</li>\r\n	<li>Length: 90 inches</li>\r\n	<li>Width: 43 inches</li>\r\n	<li>Approx 2.25 meter (2.5 Guzz)</li>\r\n	<li>Weight: 172 g<br />\r\n	variety of colors Available</li>\r\n</ul>\r\n\r\n<p><strong>Fabric</strong>: Crinkle Chiffon</p>\r\n\r\n<p>&nbsp;</p>\r\n\r\n<p>Enhance your elegance with our black crinkle chiffon dupatta, adding a touch of sophistication to any ensemble.</p>\r\n\r\n<p><strong>Note</strong>: Actual product color may vary slightly from the image shown.</p>\r\n', 'chiffon-dupatta-dark-green', 2, 'chiffon-dupatta-dark-green.jpg', '0000-00-00', 0, 'navy blue'),
(74, 5, 'Velvet Shawl Black Diamond Design', '<p>Velvet Shawl Diamond Design with Golden Embroidery Border</p>\r\n\r\n<ul>\r\n	<li>Colors: Black, Neavy Blue, Maroon</li>\r\n	<li>Width: 1.2 meter</li>\r\n	<li>Height: 2.25 meter</li>\r\n</ul>\r\n\r\n<p>For Further Details Please Contact us</p>\r\n', 'velvet-shawl-black-diamond-design', 18, 'velvet-shawl-black-diamond-design.jpg', '0000-00-00', 0, 'navy blue'),
(75, 5, 'Velvet Shawl Maroon Diamond Design', '<p>Velvet Shawl Diamond Design with Golden Embroidery Border</p>\r\n\r\n<ul>\r\n	<li>Colors: Black, Neavy Blue, Maroon</li>\r\n	<li>Width: 1.2 meter</li>\r\n	<li>Height: 2.25 meter</li>\r\n</ul>\r\n\r\n<p>For Further Details Please Contact us</p>\r\n', 'velvet-shawl-maroon-diamond-design', 18, 'velvet-shawl-maroon-diamond-design.jpg', '2025-03-01', 1, 'navy blue'),
(76, 5, 'Velvet Shawl Neavy Blue Diamond Design', '<p>Velvet Shawl Diamond Design with Golden Embroidery Border</p>\r\n\r\n<ul>\r\n	<li>Colors: Black, Neavy Blue, Maroon</li>\r\n	<li>Width: 1.2 meter</li>\r\n	<li>Height: 2.25 meter</li>\r\n</ul>\r\n\r\n<p>For Further Details Please Contact us</p>\r\n', 'velvet-shawl-neavy-blue-diamond-design', 18, 'velvet-shawl-neavy-blue-diamond-design.jpg', '0000-00-00', 0, 'navy blue'),
(77, 5, 'Velvet Shawl Black', '<p>Velvet Shawl&nbsp;with Golden Embroidery Border</p>\r\n\r\n<ul>\r\n	<li>Colors: Black, Neavy Blue, Maroon</li>\r\n	<li>Width: 1.2 meter</li>\r\n	<li>Height: 2.25 meter</li>\r\n</ul>\r\n\r\n<p>For Further Details Please Contact us</p>\r\n', 'velvet-shawl-black', 18, 'velvet-shawl-black.jpg', '0000-00-00', 0, 'navy blue'),
(78, 5, 'Velvet Shawl Maroon', '<p>Velvet Shawl&nbsp;with Golden Embroidery Border</p>\r\n\r\n<ul>\r\n	<li>Colors: Black, Neavy Blue, Maroon</li>\r\n	<li>Width: 1.2 meter</li>\r\n	<li>Height: 2.25 meter</li>\r\n</ul>\r\n\r\n<p>For Further Details Please Contact us</p>\r\n', 'velvet-shawl-maroon', 18, 'velvet-shawl-maroon.jpg', '2024-06-13', 1, 'navy blue'),
(79, 5, 'Velvet Shawl Neavy Blue', '<p>Velvet Shawl&nbsp;with Golden Embroidery Border</p>\r\n\r\n<ul>\r\n	<li>Colors: Black, Neavy Blue, Maroon</li>\r\n	<li>Width: 1.2 meter</li>\r\n	<li>Height: 2.25 meter</li>\r\n</ul>\r\n\r\n<p>For Further Details Please Contact us</p>\r\n', 'velvet-shawl-neavy-blue', 18, 'velvet-shawl-neavy-blue.jpg', '2024-06-13', 1, 'navy blue');

-- --------------------------------------------------------

--
-- Table structure for table `sales`
--

CREATE TABLE `sales` (
  `id` int(11) NOT NULL,
  `user_id` int(11) NOT NULL,
  `pay_id` varchar(50) NOT NULL,
  `sales_date` date NOT NULL
) ENGINE=InnoDB DEFAULT CHARSET=latin1 COLLATE=latin1_swedish_ci;

-- --------------------------------------------------------

--
-- Table structure for table `users`
--

CREATE TABLE `users` (
  `id` int(11) NOT NULL,
  `email` varchar(200) NOT NULL,
  `password` varchar(60) NOT NULL,
  `type` int(1) NOT NULL,
  `firstname` varchar(50) NOT NULL,
  `lastname` varchar(50) NOT NULL,
  `address` text NOT NULL,
  `contact_info` varchar(100) NOT NULL,
  `photo` varchar(200) NOT NULL,
  `status` int(1) NOT NULL,
  `activate_code` varchar(15) NOT NULL,
  `reset_code` varchar(15) NOT NULL,
  `created_on` date NOT NULL
) ENGINE=InnoDB DEFAULT CHARSET=latin1 COLLATE=latin1_swedish_ci;

--
-- Dumping data for table `users`
--

INSERT INTO `users` (`id`, `email`, `password`, `type`, `firstname`, `lastname`, `address`, `contact_info`, `photo`, `status`, `activate_code`, `reset_code`, `created_on`) VALUES
(1, 'admin@admin.com', '$2y$10$0SHFfoWzz8WZpdu9Qw//E.tWamILbiNCX7bqhy3od0gvK5.kSJ8N2', 1, 'Razi', 'Uddin', '', '', 'Channelogo.png', 1, '', '', '2024-05-01'),
(9, 'harry@den.com', '$2y$10$Oongyx.Rv0Y/vbHGOxywl.qf18bXFiZOcEaI4ZpRRLzFNGKAhObSC', 0, 'Harry', 'Den', 'Silay City, Negros Occidental', '09092735719', 'male2.png', 1, 'k8FBpynQfqsv', 'wzPGkX5IODlTYHg', '2023-12-09'),
(13, 'm.raziuddin99@gmail.com', '$2y$10$l1NNBOX0fPYBnR1xFJZ1d.QIfKTpRiyP4cE6QhauMMLWJIbD9MLWG', 0, 'Muhammad Razi', 'Uddin', '', '', '', 1, '6vnVOCUzo13s', 'IgcuOdXP25rHN6a', '2024-01-16'),
(15, 'hammad@gmail.com', '$2y$10$B3IX2T8geDMq7TQKWS8H0.4dd2mCfXJJfQxSxGDcC9nnalSgyvo7a', 0, 'Hammad', 'Chatur', '', '', '', 1, 'PqNGBdeHU4hW', '', '2024-02-23'),
(16, 'm.raziu99@gmail.com', '$2y$10$05HzO48Asd/6HiMt7KtFFOf/Xmoc5pwZv4E8PQ4XcsrR1eRFxX9vS', 0, 'Muhammad Razi', 'Uddin', '', '', '', 1, 'B5GgorIYweCa', '', '2024-05-17');

--
-- Indexes for dumped tables
--

--
-- Indexes for table `cart`
--
ALTER TABLE `cart`
  ADD PRIMARY KEY (`id`);

--
-- Indexes for table `category`
--
ALTER TABLE `category`
  ADD PRIMARY KEY (`id`);

--
-- Indexes for table `details`
--
ALTER TABLE `details`
  ADD PRIMARY KEY (`id`);

--
-- Indexes for table `products`
--
ALTER TABLE `products`
  ADD PRIMARY KEY (`id`);

--
-- Indexes for table `sales`
--
ALTER TABLE `sales`
  ADD PRIMARY KEY (`id`);

--
-- Indexes for table `users`
--
ALTER TABLE `users`
  ADD PRIMARY KEY (`id`);

--
-- AUTO_INCREMENT for dumped tables
--

--
-- AUTO_INCREMENT for table `cart`
--
ALTER TABLE `cart`
  MODIFY `id` int(11) NOT NULL AUTO_INCREMENT, AUTO_INCREMENT=19;

--
-- AUTO_INCREMENT for table `category`
--
ALTER TABLE `category`
  MODIFY `id` int(11) NOT NULL AUTO_INCREMENT, AUTO_INCREMENT=6;

--
-- AUTO_INCREMENT for table `details`
--
ALTER TABLE `details`
  MODIFY `id` int(11) NOT NULL AUTO_INCREMENT, AUTO_INCREMENT=21;

--
-- AUTO_INCREMENT for table `products`
--
ALTER TABLE `products`
  MODIFY `id` int(11) NOT NULL AUTO_INCREMENT, AUTO_INCREMENT=80;

--
-- AUTO_INCREMENT for table `sales`
--
ALTER TABLE `sales`
  MODIFY `id` int(11) NOT NULL AUTO_INCREMENT, AUTO_INCREMENT=11;

--
-- AUTO_INCREMENT for table `users`
--
ALTER TABLE `users`
  MODIFY `id` int(11) NOT NULL AUTO_INCREMENT, AUTO_INCREMENT=19;
COMMIT;

/*!40101 SET CHARACTER_SET_CLIENT=@OLD_CHARACTER_SET_CLIENT */;
/*!40101 SET CHARACTER_SET_RESULTS=@OLD_CHARACTER_SET_RESULTS */;
/*!40101 SET COLLATION_CONNECTION=@OLD_COLLATION_CONNECTION */;
